BK0713,2025规划,2025GH
BK0881,3D玻璃,3DBL
BK0619,3D打印,3DDY
BK0901,3D摄像头,3DSXT
BK0714,5G概念,5GGN
BK0964,6G概念,6GGN
BK0498,AB股,ABG
BK0149,安徽板块,AHBK
BK0499,AH股,AHG
BK1111,AIGC概念,AIGCGN
BK1127,AI芯片,AIXP
BK0689,阿里概念,ALGN
BK0894,阿兹海默,AZHM
BK0629,北斗导航,BDDH
BK0675,病毒防治,BDFZ
BK0845,百度概念,BDGN
BK1036,半导体,BDT
BK0917,半导体概念,BDTGN
BK0976,被动元件,BDYJ
BK0636,B股,BG
BK0566,滨海新区,BHXQ
BK0896,白酒,BJ
BK0150,北京板块,BJBK
BK0717,北京冬奥,BJDA
BK0925,北交所概念,BJSGN
BK0546,玻璃玻纤,BLBX
BK0474,保险,BX
BK1059,百元股,BYG
BK0860,边缘计算,BYJS
BK0733,包装材料,BZCL
BK0879,标准普尔,BZPE
BK0812,贬值受益,BZSY
BK0955,C2M概念,C2MGN
BK0986,CAR-T细胞疗法,CARTXBLF
BK0729,船舶制造,CBZZ
BK1087,超超临界发电,CCLJFD
BK1137,存储芯片,CCXP
BK0679,超导概念,CDGN
BK0700,充电桩,CDZ
BK0604,参股保险,CGBX
BK0950,草甘膦,CGL
BK0905,传感器,CGQ
BK0524,参股期货,CGQH
BK0514,参股券商,CGQS
BK0600,参股新三板,CGXSB
BK0525,参股银行,CGYH
BK1126,ChatGPT概念,CHATGPTGN
BK1101,Chiplet概念,CHIPLETGN
BK0703,超级电容,CJDR
BK1017,采掘行业,CJHY
BK0811,超级品牌,CJPP
BK0862,超级真菌,CJZJ
BK0920,车联网,CLW
BK0989,储能,CN
BK0671,彩票概念,CPGN
BK1128,CPO概念,CPOGN
BK0859,超清视频,CQSP
BK0899,CRO,CRO
BK1003,抽水蓄能,CSXN
BK0506,创投,CT
BK0993,宠物经济,CWJJ
BK0975,磁悬浮概念,CXFGN
BK0501,次新股,CXG
BK1106,创新药,CXY
BK0742,创业板综,CYBZ
BK0638,创业成份,CYCF
BK0534,成渝特区,CYTQ
BK1085,痘病毒防治,DBDFZ
BK0838,东北振兴,DBZX
BK1033,电池,DC
BK0814,大飞机,DFJ
BK0916,氮化镓,DHJ
BK1030,电机,DJ
BK1053,低价股,DJG
BK0835,独角兽,DJS
BK0676,独家药品,DJYP
BK0870,单抗概念,DKGN
BK1052,动力电池回收,DLDCHS
BK0428,电力行业,DLHY
BK0951,刀片电池,DPDC
BK1054,DRG/DIP,DRGDIP
BK0622,地热能,DRN
BK1121,第四代半导体,DSDBDT
BK0952,第三代半导体,DSDBDT
BK0665,电商概念,DSGN
BK0634,大数据,DSJ
BK0929,地塞米松,DSMS
BK1064,东数西算,DSXS
BK0938,代糖概念,DTGN
BK0924,地摊经济,DTJJ
BK0979,低碳冶金,DTYJ
BK0457,电网设备,DWSB
BK1058,地下管网,DXGW
BK0738,多元金融,DYJR
BK1034,电源设备,DYSB
BK0928,抖音小店,DYXD
BK0982,电子车牌,DZCP
BK1125,电子后视镜,DZHSJ
BK1039,电子化学品,DZHXP
BK0853,电子竞技,DZJJ
BK1075,电子身份证,DZSFZ
BK0865,电子烟,DZY
BK0459,电子元件,DZYJ
BK1057,电子纸概念,DZZGN
BK0946,EDA概念,EDAGN
BK1049,EDR概念,EDRGN
BK1133,ERP概念,ERPGN
BK0956,eSIM,ESIM
BK0875,ETC,ETC
BK1088,F5G概念,F5GGN
BK0878,分拆预期,FCYQ
BK1095,钒电池,FDC
BK1045,房地产服务,FDCFW
BK0451,房地产开发,FDCKF
BK1014,发电机概念,FDJGN
BK1032,风电设备,FDSB
BK0690,氟化工,FHG
BK1113,复合集流体,FHJLT
BK0151,福建板块,FJBK
BK1020,非金属材料,FJSCL
BK0595,风能,FN
BK0842,富士康,FSK
BK0867,富时罗素,FSLS
BK0436,纺织服装,FZFZ
BK0939,辅助生殖,FZSZ
BK0425,工程建设,GCJS
BK0739,工程机械,GCJX
BK0991,工程机械概念,GCJXGN
BK0696,国产软件,GCRJ
BK0891,国产芯片,GCXP
BK0726,工程咨询服务,GCZXFW
BK0904,广电,GD
BK0153,广东板块,GDBK
BK0868,GDR,GDR
BK1096,光伏高速公路,GFGSGL
BK0978,光伏建筑一体化,GFJZYTH
BK1031,光伏设备,GFSB
BK0667,国家安防,GJAF
BK0732,贵金属,GJS
BK0884,光刻胶,GKJ
BK0683,国企改革,GQGG
BK0567,股权激励,GQJL
BK0803,股权转让,GQZR
BK0152,甘肃板块,GSBK
BK0944,肝素概念,GSGN
BK0723,高送转,GSZ
BK0968,固态电池,GTDC
BK0479,钢铁行业,GTHY
BK1094,钙钛矿电池,GTKDC
BK1136,光通信模块,GTXMK
BK0154,广西板块,GXBK
BK1038,光学光电子,GXGDZ
BK0807,共享经济,GXJJ
BK1109,供销社概念,GXSGN
BK0810,工业4.0,GY40
BK0856,工业大麻,GYDM
BK1078,肝炎概念,GYGN
BK0832,工业互联,GYHL
BK1004,工业母机,GYMJ
BK0981,工业气体,GYQT
BK0427,公用事业,GYSY
BK0173,贵州板块,GZBK
BK1008,国资云概念,GZYGN
BK0155,河北板块,HBBK
BK0157,湖北板块,HBBK
BK0728,环保行业,HBHY
BK0926,湖北自贸,HBZM
BK0934,蝗虫防治,HCFZ
BK0985,换电概念,HDGN
BK0731,化肥行业,HFHY
BK0707,沪股通,HGT
BK0512,化工原料,HGYL
BK0601,海工装备,HGZB
BK1141,混合现实,HHXS
BK0908,HIT电池,HITDC
BK0547,黄金概念,HJGN
BK0420,航空机场,HKJC
BK0146,黑龙江,HLJ
BK0637,互联金融,HLJR
BK0447,互联网服务,HLWFW
BK0837,互联医疗,HLYL
BK1124,毫米波概念,HMBGN
BK0724,海绵城市,HMCS
BK0953,鸿蒙概念,HMGN
BK0715,航母概念,HMGN
BK0176,海南板块,HNBK
BK0158,湖南板块,HNBK
BK0156,河南板块,HNBK
BK0577,核能核电,HNHD
BK0672,沪企改革,HQGG
BK0949,氦气概念,HQGN
BK0500,HS300_,HS300
BK1081,核酸采样亭,HSCYT
BK0963,航天概念,HTGN
BK0480,航天航空,HTHK
BK0854,华为概念,HWGN
BK1079,户外露营,HWLY
BK1013,华为欧拉,HWOL
BK0984,华为汽车,HWQC
BK0983,核污染防治,HWRFZ
BK0995,华为N腾,HWST
BK0471,化纤行业,HXHY
BK1019,化学原料,HXYL
BK0538,化学制品,HXZP
BK0465,化学制药,HXZY
BK1011,环氧丙烷,HYBW
BK0450,航运港口,HYGK
BK0623,海洋经济,HYJJ
BK0974,化妆品概念,HZPGN
BK1067,杭州亚运会,HZYYH
BK1048,IGBT概念,IGBTGN
BK0697,IPO受益,IPOSY
BK0897,IPv6,IPV6
BK0561,基本金属,JBJS
BK0456,家电行业,JDHY
BK0849,京东金融,JDJR
BK0490,军工,JG
BK1002,激光雷达,JGLD
BK0552,机构重仓,JGZC
BK0684,京津冀,JJJ
BK0909,降解塑料,JJSL
BK0536,基金重仓,JJZC
BK0850,进口博览,JKBL
BK0719,健康中国,JKZG
BK0148,吉林板块,JLBK
BK0808,军民融合,JMRH
BK0494,节能环保,JNHB
BK0685,举牌,JP
BK1090,机器人概念,JQRGN
BK0998,机器视觉,JQSJ
BK0887,鸡肉概念,JRGN
BK0159,江苏板块,JSBK
BK1068,净水概念,JSGN
BK0735,计算机设备,JSJSB
BK1100,减速器,JSQ
BK0160,江西板块,JXBK
BK0740,教育,JY
BK0693,基因测序,JYCX
BK0440,家用轻工,JYQG
BK0429,交运设备,JYSB
BK1076,建筑节能,JZJN
BK0806,精准医疗,JZYL
BK1108,科创板做市股,KCBZSG
BK1107,科创板做市商,KCBZSS
BK0990,快递概念,KDGN
BK1115,跨境电商,KJDS
BK1116,抗菌面料,KJML
BK1071,跨境支付,KJZF
BK0994,空间站概念,KJZGN
BK1102,空气能热泵,KQNRB
BK0818,可燃冰,KRB
BK0972,快手概念,KSGN
BK1117,抗原检测,KYJC
BK0911,口罩,KZ
BK0820,壳资源,KZY
BK0674,蓝宝石,LBS
BK0574,锂电池,LDC
BK0580,LED,LED
BK0906,流感,LG
BK1099,轮毂电机,LGDJ
BK1010,磷化工,LHG
BK0873,垃圾分类,LJFL
BK0852,冷链物流,LLWL
BK0161,辽宁板块,LNBK
BK1024,绿色电力,LSDL
BK1086,粮食概念,LSGN
BK0485,旅游酒店,LYJD
BK0710,量子通信,LZTX
BK1066,民爆概念,MBGN
BK0996,毛发医疗,MFYL
BK0492,煤化工,MHG
BK0954,盲盒经济,MHJJ
BK0948,MicroLED,MICROLED
BK0902,MiniLED,MINILED
BK0890,MLCC,MLCC
BK1132,MLOps概念,MLOPSGN
BK1035,美容护理,MRHL
BK0821,MSCI中国,MSCIZG
BK0927,免税概念,MSGN
BK0437,煤炭行业,MTHY
BK1123,蒙脱石散,MTSS
BK0937,蚂蚁概念,MYGN
BK0484,贸易行业,MYHY
BK0698,免疫治疗,MYZL
BK0999,茅指数,MZS
BK0997,NFT概念,NFTGN
BK0477,酿酒行业,NJHY
BK0988,钠离子电池,NLZDC
BK0175,内蒙古,NMG
BK1001,内贸流通,NMLT
BK0433,农牧饲渔,NMSY
BK0855,纳米银,NMY
BK0162,宁夏板块,NXBK
BK1015,能源金属,NYJS
BK0730,农药兽药,NYSY
BK0888,农业种植,NYZZ
BK1000,宁组合,NZH
BK0840,OLED,OLED
BK0877,PCB,PCB
BK0957,拼多多概念,PDDGN
BK0666,苹果概念,PGGN
BK1112,破净股,PJG
BK1073,啤酒概念,PJGN
BK1119,PLC概念,PLCGN
BK0721,PPP模式,PPPMS
BK1012,PVDF概念,PVDFGN
BK0947,屏下摄像,PXSX
BK1023,培育钻石,PYZS
BK0943,汽车拆解,QCCJ
BK1016,汽车服务,QCFW
BK0481,汽车零部件,QCLBJ
BK1089,汽车热管理,QCRGL
BK0969,汽车芯片,QCXP
BK1093,汽车一体化压铸,QCYTHYZ
BK1029,汽车整车,QCZC
BK0535,QFII重仓,QFIIZC
BK0163,青海板块,QHBK
BK0872,青蒿素,QHS
BK1083,千金藤素,QJTS
BK0830,区块链,QKL
BK1092,麒麟电池,QLDC
BK0864,氢能源,QNY
BK1065,气溶胶检测,QRJJC
BK0711,券商概念,QSGN
BK0699,全息技术,QXJS
BK0962,RCEP概念,RCEPGN
BK0919,RCS概念,RCSGN
BK0992,REITs概念,REITSGN
BK0800,人工智能,RGZN
BK0737,软件开发,RJKF
BK0682,燃料电池,RLDC
BK0706,人脑工程,RNGC
BK1028,燃气,RQ
BK0892,乳业,RY
BK1103,熔盐储能,RYCN
BK0866,人造肉,RZR
BK0596,融资融券,RZRQ
BK1114,人造太阳,RZTY
BK0520,社保重仓,SBZC
BK0568,深成500,SC500
BK0169,四川板块,SCBK
BK0967,水产养殖,SCYZ
BK0164,山东板块,SDBK
BK0804,深股通,SGT
BK0145,上海板块,SHBK
BK0643,上海自贸,SHZM
BK1047,数据安全,SJAQ
BK1105,世界杯,SJB
BK1118,数据确权,SJQQ
BK1135,数据要素,SJYS
BK0922,数据中心,SJZX
BK1130,时空大数据,SKDSJ
BK0851,纾困概念,SKGN
BK1134,算力概念,SLGN
BK0597,水利建设,SLJS
BK0454,塑料制品,SLZP
BK0709,赛马概念,SMGN
BK0617,石墨烯,SMX
BK0424,水泥建材,SNJC
BK0614,食品安全,SPAQ
BK0438,食品饮料,SPYL
BK0965,社区团购,SQTG
BK0511,ST股,STG
BK0942,商汤概念,STGN
BK0669,生态农业,STNY
BK0970,生物识别,SWSB
BK0548,生物疫苗,SWYM
BK1098,生物质能发电,SWZNFD
BK1044,生物制品,SWZP
BK0167,山西板块,SXBK
BK0165,陕西板块,SXBK
BK0482,商业百货,SYBH
BK0642,手游概念,SYGN
BK0464,石油行业,SYHY
BK0743,深证100R,SZ100R
BK0612,上证180_,SZ180
BK0705,上证380,SZ380
BK0611,上证50_,SZ50
BK0883,数字货币,SZHB
BK1061,数字经济,SZJJ
BK0861,数字孪生,SZLS
BK1084,数字哨兵,SZSB
BK1129,数字水印,SZSY
BK0549,深圳特区,SZTQ
BK0959,数字阅读,SZYD
BK0633,送转预期,SZYQ
BK1131,同步磁阻电机,TBCZDJ
BK0805,钛白粉,TBF
BK0632,土地流转,TDLZ
BK0918,特高压,TGY
BK0977,碳化硅,THG
BK0166,天津板块,TJBK
BK1006,碳基材料,TJCL
BK0921,天基互联,TJHL
BK0966,碳交易,TJY
BK0421,铁路公路,TLGL
BK0592,铁路基建,TLJJ
BK1097,TOPCon电池,TOPCONDC
BK0843,天然气,TRQ
BK1070,土壤修复,TRXF
BK0644,特斯拉,TSL
BK0933,退税商店,TSSD
BK1026,调味品概念,TWPGN
BK0841,体外诊断,TWZD
BK0736,通信服务,TXFW
BK0448,通信设备,TXSB
BK0708,体育产业,TYCY
BK1077,统一大市场,TYDSC
BK1074,托育服务,TYFW
BK0625,通用航空,TYHK
BK0898,胎压监测,TYJC
BK0588,太阳能,TYN
BK0545,通用设备,TYSB
BK0880,UWB概念,UWBGN
BK0885,VPN,VPN
BK0831,万达概念,WDGN
BK1110,Web3.0,WEB30
BK0486,文化传媒,WHCM
BK0940,网红直播,WHZB
BK0915,WiFi,WIFI
BK0655,网络安全,WLAQ
BK0422,物流行业,WLHY
BK0554,物联网,WLW
BK0509,网络游戏,WLYX
BK0932,尾气治理,WQZL
BK0704,无人机,WRJ
BK0802,无人驾驶,WRJS
BK0895,维生素,WSS
BK0960,无线充电,WXCD
BK0893,无线耳机,WXEJ
BK0813,雄安新区,XAXQ
BK1104,信创,XC
BK0174,西藏板块,XCBK
BK0523,新材料,XCL
BK0834,乡村振兴,XCZX
BK0913,消毒剂,XDJ
BK1037,消费电子,XFDZ
BK1062,新冠检测,XGJC
BK1060,新冠药物,XGYW
BK0147,新疆板块,XJBK
BK1027,小金属,XJS
BK0695,小金属概念,XJSGN
BK1018,橡胶制品,XJZP
BK0825,新零售,XLS
BK0833,小米概念,XMGN
BK0958,虚拟电厂,XNDC
BK1055,虚拟数字人,XNSZR
BK0722,虚拟现实,XNXS
BK0493,新能源,XNY
BK0900,新能源车,XNYC
BK1120,熊去氧胆酸,XQYDS
BK0519,稀缺资源,XQZY
BK0578,稀土永磁,XTYC
BK1080,新型城镇化,XXCZH
BK1122,血氧仪,XYY
BK0912,远程办公,YCBG
BK0712,一带一路,YDYL
BK0556,移动支付,YDZF
BK0914,医废处理,YFCL
BK0677,粤港自贸,YGZM
BK0475,银行,YH
BK0987,盐湖提锂,YHTL
BK0961,有机硅,YJG
BK0579,云计算,YJS
BK0563,油价相关,YJXG
BK0570,预亏预减,YKYJ
BK0727,医疗服务,YLFW
BK1138,液冷概念,YLGN
BK0653,养老概念,YLGN
BK0823,养老金,YLJ
BK0889,医疗美容,YLMR
BK1041,医疗器械,YLQX
BK0668,医疗器械概念,YLQXGN
BK1056,幽门螺杆菌概念,YMLGJGN
BK0941,疫苗冷链,YMLL
BK0171,云南板块,YNBK
BK1140,央企改革,YQGG
BK0606,油气设服,YQSF
BK0458,仪器仪表,YQYB
BK0610,央视50_,YS50
BK0847,影视概念,YSGN
BK0478,有色金属,YSJS
BK0664,婴童概念,YTGN
BK1046,游戏,YX
BK0603,页岩气,YYQ
BK1042,医药商业,YYSY
BK0903,云游戏,YYX
BK0571,预盈预增,YYYZ
BK1009,元宇宙概念,YYZGN
BK1025,预制菜概念,YZCGN
BK0734,珠宝首饰,ZBSS
BK0635,中超概念,ZCGN
BK0971,注册制次新股,ZCZCXG
BK1072,中俄贸易概念,ZEMYGN
BK0628,智慧城市,ZHCS
BK1069,智慧灯杆,ZHDG
BK0539,综合行业,ZHHY
BK0886,智慧政务,ZHZW
BK0172,浙江板块,ZJBK
BK0718,证金持股,ZJCG
BK0923,字节概念,ZJGN
BK0594,长江三角,ZJSJ
BK1005,专精特新,ZJTX
BK0907,转基因,ZJY
BK0641,智能穿戴,ZNCD
BK0656,智能电视,ZNDS
BK0581,智能电网,ZNDW
BK0680,智能家居,ZNJJ
BK0640,智能机器,ZNJQ
BK0945,装配建筑,ZPJZ
BK0473,证券,ZQ
BK0170,重庆板块,ZQBK
BK0801,增强现实,ZQXS
BK0817,昨日触板,ZRCB
BK0882,猪肉概念,ZRGN
BK0816,昨日连板,ZRLB
BK1051,昨日连板_含一字,ZRLBHYZ
BK0815,昨日涨停,ZRZT
BK1050,昨日涨停_含一字,ZRZTHYZ
BK0839,知识产权,ZSCQ
BK1082,噪声防治,ZSFZ
BK0973,注射器概念,ZSQGN
BK0822,租售同权,ZSTQ
BK0936,长寿药,ZSY
BK1139,中特估,ZTG
BK1007,植物照明,ZWZM
BK0935,中芯概念,ZXGN
BK0476,装修建材,ZXJC
BK0662,在线教育,ZXJY
BK0692,在线旅游,ZXLY
BK0725,装修装饰,ZXZS
BK1040,中药,ZY
BK1043,专业服务,ZYFW
BK0615,中药概念,ZYGN
BK1022,职业教育,ZYJY
BK0910,专用设备,ZYSB
BK0701,中证500,ZZ500
BK0528,转债标的,ZZBD
BK1063,重组蛋白,ZZDB
BK0980,债转股,ZZG
BK0505,中字头,ZZT
BK0470,造纸印刷,ZZYS
